Name;Position;Team ;Games Played;Minutes;Points;Field Goal%;3Point%;FreeThrow%;Assists;Blocks;Steals;Rebounds;Turnovers;Salary
Stephen Curry;PG;GSW;51;1,631;1,346;49.54;42.32;92.05;309;8;80;261;153;$34,682,550 
LeBron James;SF;CLE;82;3,025;2,251;54.24;36.70;73.07;747;71;116;710;348;$33,285,709 (2)
Paul Millsap;PF;DEN;38;1,143;555;46.44;34.51;69.57;103;44;39;245;74;$30,769,231 (3)
Blake Griffin;PF;DET;58;1,969;1,242;43.78;34.47;78.48;334;18;41;428;166;$29,727,900 (4)
Kyle Lowry;PG;TOR;78;2,509;1,267;42.69;39.93;85.44;537;19;85;434;183;$28,703,704 (5)
Mike Conley;PG;MEM;12;373;205;38.10;31.17;80.30;49;3;12;27;18;$28,530,608 (6)
Russell Westbrook;PG;OKC;80;2,913;2,028;44.87;29.75;73.67;820;20;147;804;382;$28,530,608 (6)
James Harden;SG;HOU;72;2,548;2,191;44.93;36.70;85.83;629;50;126;388;315;$28,299,399 (8)
DeMar DeRozan;SG;TOR;80;2,711;1,84;45.62;31.01;82.47;417;22;85;315;175;$27,739,975 (9)
Al Horford;C;BOS;72;2,277;927;48.87;42.92;78.33;339;79;43;530;132;$27,734,405 (10)
Carmelo Anthony;SF;OKC;78;2,502;1,261;40.41;35.65;76.68;103;49;47;453;100;$26,243,760 (11)
Damian Lillard;PG;POR;73;2,669;1,962;43.92;36.15;91.64;481;27;78;325;205;$26,153,057 (12)
Jrue Holiday;PG;NOP;81;2,926;1,537;49.44;33.71;78.57;486;64;122;366;213;$25,686,667 (13)
Kevin Durant;SF;GSW;68;2,325;1,792;51.55;41.89;88.86;366;119;50;464;207;$25,000,000 (14)
Otto Porter Jr.;SF;WAS;77;2,431;1,134;50.28;44.09;82.81;157;41;116;492;75;$24,773,250 (15)
Chris Paul;PG;HOU;58;1,846;1,081;45.99;37.99;91.86;458;14;96;313;128;$24,599,459 (16)
C.J. McCollum;SG;POR;81;2,923;1,732;44.32;39.71;83.60;272;35;77;321;152;$23,962,572 (17)
Bradley Beal;SG;WAS;82;2,977;1,857;46.02;37.55;79.13;373;36;97;363;214;$23,775,506 (18)
Anthony Davis;PF;NOP;75;2,727;2,11;53.35;33.95;82.78;174;193;115;832;162;$23,775,506 (18)
Andre Drummond;C;DET;78;2,625;1,171;52.83;0.00;60.51;237;129;114;1,248;202;$23,775,506 (18)
Hassan Whiteside;C;MIA;54;1,364;754;53.89;100.00;70.33;54;94;38;618;93;$23,775,506 (18)
Dwight Howard;C;CHA;81;2,463;1,347;55.54;14.29;57.39;105;131;47;1,012;208;$23,500,000 (22)
Harrison Barnes;SF;DAL;77;2,635;1,452;44.45;35.74;82.75;152;14;49;468;118;$23,112,004 (23)
Chandler Parsons;SF;MEM;36;690;284;46.15;42.15;62.96;69;11;18;90;35;$23,112,004 (23)
J.J. Redick;SG;PHI;70;2,115;1,198;45.91;41.96;90.37;210;6;35;178;103;$23,000,000 (25)
Kevin Love;C;CLE;59;1,651;1,039;45.75;41.52;87.97;103;24;43;545;90;$22,642,350 (26)
Brook Lopez;C;LAL;74;1,735;961;46.47;34.46;70.25;126;98;30;294;98;$22,642,350 (26)
Marc Gasol;C;MEM;73;2,408;1,258;42.01;34.06;83.38;305;101;54;592;194;$22,642,350 (26)
DeAndre Jordan;C;LAC;77;2,424;927;64.76;0.00;58.01;117;69;39;1,171;138;$22,642,350 (26)
Giannis Antetokounmpo;SF;MIL;75;2,756;2,014;52.92;30.71;75.98;360;106;109;754;224;$22,471,910 (30)
Steven Adams;C;OKC;76;2,486;1,056;62.92;0.00;55.94;88;78;92;685;128;$22,471,910 (30)
Nicolas Batum;SG;CHA;64;1,98;740;41.54;33.58;83.08;349;23;65;306;131;$22,434,783 (32)
Rudy Gobert;C;UTH;56;1,816;756;62.30;0.00;68.23;80;129;44;601;107;$21,974,719 (33)
LaMarcus Aldridge;PF;SAS;75;2,508;1,735;51.00;29.35;83.71;152;90;43;634;112;$21,461,010 (34)
Victor Oladipo;SG;IND;75;2,552;1,735;47.69;37.10;79.89;323;57;176;390;220;$21,000,000 (35)
Enes Kanter;C;NYK;71;1,829;1;59.19;0.00;84.78;105;37;36;780;122;$20,566,801 (36)
Danilo Gallinari;SF;LAC;21;671;321;39.84;32.43;93.10;42;10;12;101;26;$20,559,599 (37)
Serge Ibaka;PF;TOR;76;2,095;959;48.34;36.03;79.66;62;99;29;478;90;$20,061,728 (38)
George Hill;PG;CLE;67;1,812;667;46.00;41.46;78.57;186;27;61;181;88;$20,000,000 (39)
Ryan Anderson;PF;HOU;66;1,727;617;43.13;38.64;77.42;60;21;24;331;43;$19,578,454 (40)
Paul George;SF;OKC;79;2,89;1,734;42.99;40.07;82.24;263;39;161;447;212;$19,508,958 (41)
Allen Crabbe;SG;BKN;75;2,196;990;40.75;37.78;85.19;117;35;47;324;78;$19,332,500 (42)
Jimmy Butler;SG;MIN;59;2,164;1,307;47.45;35.00;85.41;288;24;116;315;108;$19,301,070 (43)
Jeff Teague;PG;MIN;70;2,311;994;44.58;36.84;84.52;492;23;102;209;177;$19,000,000 (44)
Kyrie Irving;PG;BOS;60;1,931;1,466;49.13;40.79;88.89;306;17;65;227;140;$18,868,625 (45)
Kawhi Leonard;SF;SAS;9;209;146;46.85;31.43;81.58;21;9;18;42;16;$18,868,625 (45)
John Wall;PG;WAS;41;1,409;797;42.04;37.13;72.61;393;45;57;150;159;$18,063,850 (47)
DeMarcus Cousins;C;NOP;48;1,737;1,21;46.99;35.37;74.62;257;76;80;618;242;$18,063,850 (47)
Wesley Matthews;SG;DAL;63;2,131;802;40.60;38.06;82.18;172;16;76;198;84;$17,884,175 (49)
Klay Thompson;SG;GSW;73;2,505;1,461;48.81;43.95;83.67;185;34;55;277;127;$17,826,150 (50)
Kentavious Caldwell-Pope;SG;LAL;74;2,458;992;42.61;38.31;78.87;162;16;106;386;97;$17,745,894 (51)
Evan Turner;SF;POR;79;2,033;649;44.71;31.82;85.05;173;29;47;244;99;$17,131,148 (52)
Goran Dragic;PG;MIA;75;2,378;1,296;45.02;37.00;80.07;359;12;63;307;166;$17,000,450 (53)
Evan Fournier;SG;ORL;57;1,838;1,013;45.89;37.91;86.71;165;16;47;179;95;$17,000,000 (54)
Bismack Biyombo;C;ORL;82;1,494;468;51.99;0.00;64.97;66;95;21;469;84;$17,000,000 (54)
Kent Bazemore;SF;ATL;65;1,788;836;42.01;39.42;79.60;228;45;100;248;157;$16,910,113 (56)
Robert Covington;SF;PHI;80;2,531;1,009;41.27;36.91;85.29;156;72;137;433;128;$16,698,103 (57)
Ian Mahinmi;C;WAS;77;1,145;366;55.65;0.00;70.31;53;42;38;312;101;$16,661,641 (58)
Tim Hardaway Jr.;SG;NYK;57;1,885;996;42.06;31.71;81.56;155;10;62;224;92;$16,500,000 (59)
Draymond Green;PF;GSW;70;2,286;773;45.40;30.08;77.46;509;91;95;535;202;$16,400,000 (60)
Tristan Thompson;C;CLE;53;1,072;307;55.93;0.00;54.43;33;17;16;352;36;$16,400,000 (60)
Pau Gasol;C;SAS;77;1,812;775;45.85;35.83;75.60;239;79;24;618;108;$16,000,000 (62)
Tobias Harris;SF;LAC;80;2,667;1,486;46.03;41.12;82.87;192;35;71;436;104;$16,000,000 (62)
Reggie Jackson;PG;DET;45;1,201;656;42.63;30.77;83.58;238;4;27;125;99;$16,000,000 (62)
Dennis Schröder;PG;ATL;67;2,078;1,301;43.67;29.01;84.91;417;6;72;208;183;$15,500,000 (65)
Jonas Valanciunas;C;TOR;77;1,727;980;56.77;40.54;80.57;81;69;29;660;115;$15,460,674 (66)
Tony Parker;PG;SAS;55;1,07;421;45.88;27.03;70.51;195;1;28;95;68;$15,453,126 (67)
Timofey Mozgov;C;BKN;31;359;131;55.91;22.22;76.67;11;13;5;98;33;$15,280,000 (68)
Andre Iguodala;SF;GSW;64;1,622;384;46.25;28.21;63.22;210;38;54;245;67;$14,814,815 (69)
DeMarre Carroll;SF;BKN;73;2,179;983;41.35;36.99;76.42;147;30;60;479;103;$14,800,000 (70)
Thaddeus Young;PF;IND;81;2,607;955;48.73;32.04;59.78;152;37;134;513;105;$14,796,348 (71)
Eric Bledsoe;PG;MIL;74;2,321;1,313;47.32;34.72;79.50;370;42;148;285;216;$14,500,000 (72)
Ricky Rubio;PG;UTH;77;2,254;1,008;41.84;35.16;86.61;410;11;121;351;208;$14,275,000 (73)
Joe Ingles;SF;UTH;82;2,578;940;46.66;43.97;79.52;392;20;91;344;159;$14,136,364 (74)
Gorgui Dieng;C;MIN;79;1,332;470;47.94;31.15;77.45;71;39;45;360;59;$14,112,360 (75)
Khris Middleton;SF;MIL;82;2,981;1,652;46.66;35.96;88.40;328;21;119;428;191;$14,100,000 (76)
Mason Plumlee;C;DEN;74;1,44;524;60.05;0.00;45.81;141;80;49;400;105;$14,041,096 (77)
Taj Gibson;PF;MIN;82;2,726;999;57.67;20.00;76.76;99;58;62;582;89;$14,000,000 (78)
James Johnson;PF;MIA;73;1,943;788;50.33;30.81;69.75;280;51;70;358;143;$13,954,000 (79)
Robin Lopez;C;CHI;64;1,69;756;53.02;28.57;75.56;124;53;14;290;107;$13,788,500 (80)
J.R. Smith;SG;CLE;80;2,244;662;40.34;37.53;69.64;141;10;68;235;81;$13,760,000 (81)
Marvin Williams;PF;CHA;78;2,005;744;45.83;41.31;82.93;96;39;56;370;66;$13,168,750 (82)
Michael Kidd-Gilchrist;SF;CHA;74;1,85;681;50.36;0.00;68.42;71;31;51;301;53;$13,000,000 (83)
Eric Gordon;SG;HOU;69;2,153;1,243;42.78;35.86;80.91;154;27;44;170;130;$12,943,020 (84)
Kenneth Faried;PF;DEN;33;462;188;51.35;0.00;70.59;18;14;12;153;23;$12,921,348 (85)
Marcin Gortat;C;WAS;82;2,074;690;51.79;0.00;67.48;151;61;40;623;99;$12,782,609 (86)
Cody Zeller;C;CHA;33;627;233;55.19;66.67;71.76;31;21;14;175;33;$12,584,270 (87)
Miles Plumlee;C;ATL;55;917;237;58.33;0.00;45.00;45;30;17;228;63;$12,500,000 (88)
Nikola Mirotic;PF;NOP;55;1,493;859;44.74;37.71;81.75;80;39;44;405;62;$12,500,000 (88)
Zach Randolph;PF;SAC;59;1,507;857;47.31;34.69;78.50;127;10;42;397;116;$12,307,692 (90)
Nikola Vucevic;C;ORL;57;1,684;939;47.50;31.37;81.91;191;63;56;525;109;$12,250,000 (91)
Solomon Hill;SF;NOP;12;187;29;26.83;19.05;50.00;22;1;7;36;9;$12,236,535 (92)
John Henson;PF;MIL;76;1,969;665;57.17;14.29;56.96;114;108;45;513;85;$12,172,536 (93)
Wilson Chandler;SF;DEN;74;2,341;738;44.46;35.77;77.19;160;39;43;399;92;$12,016,854 (94)
Kelly Olynyk;C;MIA;76;1,779;872;49.69;37.86;77.01;207;35;62;431;148;$12,007,169 (95)
Kemba Walker;PG;CHA;80;2,735;1,77;43.14;38.44;86.43;444;25;92;248;179;$12,000,000 (96)
Derrick Favors;PF;UTH;77;2,154;944;56.27;22.22;65.12;102;82;54;551;88;$12,000,000 (96)
Austin Rivers;SG;LAC;61;2,056;920;42.36;37.78;64.15;242;16;74;145;109;$11,825,000 (98)
Courtney Lee;SG;NYK;76;2,31;913;45.43;40.65;91.94;180;17;80;224;84;$11,747,890 (99)
Jordan Clarkson;PG;CLE;81;1,887;1,124;45.07;35.22;80.00;221;6;58;216;127;$11,562,500 (100)
JaMychal Green;PF;MEM;110;3,082;1,138;45.70;33.86;72.07;158;50;64;930;156;$11,353,830 (101)
Amir Johnson;C;PHI;74;1,17;342;53.64;31.25;61.18;118;44;45;330;56;$11,000,000 (102)
Dion Waiters;SG;MIA;30;917;429;39.76;30.59;73.91;113;9;23;77;70;$11,000,000 (102)
Alec Burks;SG;UTH;64;1,056;494;41.06;33.10;86.29;67;8;37;192;60;$10,845,506 (104)
Patrick Mills;PG;SAS;82;2,107;819;41.06;37.20;88.98;229;11;55;154;106;$10,714,286 (105)
Terrence Ross;SG;ORL;24;600;209;39.79;32.26;75.00;38;12;27;73;29;$10,500,000 (106)
Bojan Bogdanovic;SF;IND;80;2,464;1,141;47.42;40.16;86.83;119;8;55;270;106;$10,500,000 (106)
Iman Shumpert;SG;SAC;14;276;62;37.93;26.92;73.33;17;4;9;41;17;$10,337,079 (108)
Maurice Harkless;SF;POR;59;1,264;385;49.49;41.53;71.19;53;43;48;162;40;$10,162,921 (109)
Jared Dudley;SF;PHX;48;686;152;39.34;36.25;77.14;78;10;25;93;28;$10,000,000 (110)
Danny Green;SG;SAS;70;1,791;600;38.68;36.25;76.92;110;80;63;249;74;$10,000,000 (110)
Darren Collison;PG;IND;69;2,018;855;49.53;46.83;88.19;368;15;93;178;86;$10,000,000 (110)
Meyers Leonard;C;POR;33;253;112;58.97;42.31;81.82;17;0;7;70;10;$9,904,494 (113)
Tony Snell;SG;MIL;75;2,053;516;43.53;40.30;79.17;99;28;47;141;37;$9,821,429 (114)
Matthew Dellavedova;PG;MIL;38;712;164;36.18;37.18;92.59;145;1;14;64;49;$9,607,500 (115)
Bogdan Bogdanovic;SG;SAC;78;2,174;917;44.56;39.21;84.03;258;16;72;222;125;$9,470,614 (116)
Andre Roberson;SG;OKC;39;1,036;194;53.70;22.22;31.58;46;35;46;185;30;$9,259,260 (117)
Dwight Powell;PF;DAL;79;1,671;671;59.30;33.33;71.89;91;31;67;444;59;$9,003,125 (118)
Jerryd Bayless;PG;PHI;39;924;307;41.60;36.99;79.55;54;6;23;80;46;$9,000,000 (119)
Avery Bradley;SG;LAC;46;1,433;656;41.44;36.95;76.83;94;8;51;116;101;$8,808,989 (120)
E'Twaun Moore;SG;NOP;82;2,585;1,022;50.84;42.52;70.59;187;12;79;238;102;$8,445,024 (121)
Rudy Gay;SF;SAS;57;1,231;655;47.11;31.36;77.24;73;38;46;292;78;$8,406,000 (122)
Kosta Koufos;C;SAC;71;1,391;477;57.07;0.00;44.59;87;32;48;472;49;$8,393,000 (123)
Garrett Temple;SG;SAC;65;1,615;547;41.81;39.21;76.92;124;26;58;152;80;$8,000,000 (124)
Vince Carter;SG;SAC;58;1,026;313;40.28;34.55;75.68;69;26;42;148;36;$8,000,000 (124)
Markieff Morris;PF;WAS;73;1,967;841;48.03;36.71;82.03;142;37;57;409;127;$8,000,000 (124)
C.J. Miles;SF;TOR;70;1,335;699;37.90;36.12;83.51;55;21;37;152;39;$7,936,508 (127)
Cristiano Felicio;PF;CHI;55;977;308;59.07;0.00;66.67;55;11;16;233;54;$7,843,500 (128)
Shaun Livingston;PG;GSW;71;1,129;394;50.15;0.00;81.97;140;20;35;131;58;$7,692,308 (129)
Cory Joseph;PG;IND;82;2,21;649;42.38;35.26;74.47;260;18;80;264;89;$7,630,000 (130)
P.J. Tucker;SF;HOU;82;2,281;502;39.00;37.10;71.67;77;26;78;457;75;$7,590,035 (131)
Andrew Wiggins;SF;MIN;82;2,978;1,452;43.77;33.14;64.33;160;52;91;358;138;$7,574,323 (132)
Trevor Ariza;SF;HOU;67;2,269;782;41.17;36.80;85.39;105;13;98;294;54;$7,420,912 (133)
Channing Frye;PF;LAL;53;694;264;49.06;33.91;89.47;38;13;18;135;21;$7,420,912 (133)
Al-Farouq Aminu;PF;POR;69;2,071;644;39.52;36.87;73.75;84;40;79;525;79;$7,319,035 (135)
D.J. Augustin;PG;ORL;75;1,76;766;45.19;41.91;86.77;287;0;54;160;123;$7,250,000 (136)
Markelle Fultz;PG;PHI;14;252;100;40.54;0.00;47.62;53;4;11;44;15;$7,026,240 (137)
Louis Williams;SG;LAC;79;2,589;1,782;43.53;35.91;87.98;417;19;85;198;234;$7,000,000 (138)
Kyle Korver;SG;CLE;73;1,573;672;45.87;43.62;88.89;88;27;31;165;55;$7,000,000 (138)
Jeremy Lamb;SG;CHA;80;1,967;1,033;45.73;37.15;86.06;187;32;61;324;93;$7,000,000 (138)
Boban Marjanovic;C;LAC;37;337;235;53.38;0.00;79.38;22;11;10;144;37;$7,000,000 (138)
Jae Crowder;SF;UTH;80;2,089;773;40.39;32.26;81.76;99;21;64;275;74;$6,796,117 (142)
Jabari Parker;PF;MIL;31;742;391;48.19;38.27;74.07;59;10;25;151;45;$6,782,392 (143)
Langston Galloway;SG;DET;58;863;360;37.06;34.40;80.49;58;5;35;92;18;$6,666,667 (144)
Lance Thomas;SF;NYK;73;1,353;298;38.20;40.32;83.02;44;14;30;175;40;$6,655,325 (145)
Ed Davis;PF;POR;78;1,47;414;58.22;0.00;66.67;40;52;32;575;66;$6,352,531 (146)
Jonathon Simmons;SF;ORL;69;2,029;962;46.52;33.82;76.76;171;17;57;240;146;$6,300,000 (147)
Lonzo Ball;PG;LAL;52;1,78;528;35.99;30.51;45.07;376;43;88;360;136;$6,286,560 (148)
Wayne Ellington;SG;MIA;77;2,04;864;40.71;39.21;85.90;79;8;53;218;52;$6,270,000 (149)
Isaiah Thomas;PG;LAL;33;870;486;37.29;29.26;89.31;153;3;15;67;95;$6,261,395 (150)
Karl-Anthony Towns;C;MIN;82;2,918;1,743;54.57;42.11;85.82;199;115;64;1,013;160;$6,216,840 (151)
Ben Simmons;PG;PHI;81;2,732;1,279;54.45;0.00;56.01;661;70;140;659;278;$6,168,840 (152)
Joel Embiid;C;PHI;63;1,911;1,445;48.34;30.84;76.87;199;111;40;690;234;$6,100,266 (153)
Shelvin Mack;PG;ORL;69;1,364;473;43.00;34.53;71.13;272;9;54;165;89;$6,000,000 (154)
Dewayne Dedmon;C;ATL;62;1,542;617;52.41;35.46;77.91;90;51;40;489;86;$6,000,000 (154)
Ishmael Smith;PG;DET;82;2,042;894;48.56;34.65;69.83;360;20;64;224;108;$6,000,000 (154)
Milos Teodosic;PG;LAC;45;1,134;429;41.94;37.93;84.78;209;5;23;126;97;$6,000,000 (154)
Wesley Johnson;SF;LAC;74;1,485;403;40.76;33.90;74.14;61;62;77;215;55;$5,881,260 (158)
Tyler Johnson;SG;MIA;72;2,052;843;43.46;36.73;82.17;165;34;60;248;81;$5,881,260 (158)
Alex Abrines;SG;OKC;75;1,134;353;39.52;38.01;84.78;28;8;38;114;25;$5,725,000 (160)
Jayson Tatum;SF;BOS;80;2,437;1,112;47.54;43.39;82.56;128;58;83;401;115;$5,645,400 (161)
D'Angelo Russell;PG;BKN;48;1,233;743;41.43;32.37;74.05;249;17;36;189;147;$5,562,360 (162)
Brandon Ingram;SF;LAL;59;1,974;949;47.04;39.05;68.09;230;43;45;314;150;$5,519,400 (163)
Patrick Beverley;PG;LAC;11;333;134;40.34;40.00;82.35;32;5;19;45;25;$5,513,513 (164)
Aaron Gordon;PF;ORL;58;1,909;1,022;43.35;33.63;69.78;136;45;59;457;107;$5,504,420 (165)
Thabo Sefolosha;SF;UTH;38;805;312;49.17;38.10;81.48;33;12;52;161;30;$5,250,000 (166)
Jason Smith;PF;WAS;33;284;113;39.13;12.50;90.48;14;13;3;53;16;$5,225,000 (167)
Ben McLemore;SG;MEM;56;1,089;422;42.09;34.59;82.81;51;15;38;139;61;$5,200,000 (168)
Patrick Patterson;PF;OKC;82;1,27;318;39.85;38.60;86.96;57;23;49;193;33;$5,192,000 (169)
Josh Jackson;SF;PHX;77;1,959;1,012;41.74;26.27;63.44;120;35;80;351;146;$5,090,040 (170)
Dirk Nowitzki;PF;DAL;77;1,9;927;45.65;40.95;89.81;120;44;43;438;51;$5,000,000 (171)
Mike Muscala;PF;ATL;53;1,06;405;45.83;37.13;91.94;51;27;31;230;42;$5,000,000 (171)
Greg Monroe;C;BOS;51;1,041;524;56.48;0.00;73.95;114;23;44;350;95;$5,000,000 (171)
Marcus Morris;PF;BOS;54;1,447;734;42.88;36.75;80.52;72;12;35;289;65;$5,000,000 (171)
Jahlil Okafor;C;BKN;28;353;176;55.80;25.00;72.41;12;18;3;85;21;$4,995,120 (175)
Dante Exum;PG;UTH;14;234;114;48.28;27.78;80.65;43;3;8;26;20;$4,992,385 (176)
Jaylen Brown;SG;BOS;70;2,151;1,017;46.45;39.54;64.38;114;26;70;348;124;$4,956,480 (177)
Justin Holiday;SG;CHI;72;2,265;876;37.08;35.86;82.32;153;31;80;291;93;$4,615,385 (178)
De'Aaron Fox;PG;SAC;73;2,025;844;41.15;30.72;72.31;320;20;70;204;173;$4,609,200 (179)
Marcus Smart;PG;BOS;54;1,613;550;36.70;30.12;72.93;259;23;71;189;129;$4,538,020 (180)
Kristaps Porzingis;PF;NYK;48;1,553;1,088;43.87;39.30;79.27;57;115;36;316;93;$4,503,600 (181)
Dragan Bender;PF;PHX;82;2,07;531;38.64;36.65;76.47;130;53;22;361;113;$4,468,800 (182)
Devin Harris;PG;DEN;71;1,339;595;41.19;34.80;83.53;152;12;47;127;76;$4,402,546 (183)
Aron Baynes;C;BOS;81;1,484;482;47.09;14.29;75.64;93;51;22;433;80;$4,328,000 (184)
Jamal Crawford;SG;MIN;80;1,653;822;41.51;33.12;90.27;185;9;40;99;95;$4,328,000 (184)
Ron Baker;SG;NYK;29;384;71;33.90;33.33;74.07;47;6;26;30;18;$4,328,000 (184)
Nerlens Noel;C;DAL;29;471;131;52.38;0.00;75.00;20;22;31;168;26;$4,187,598 (187)
Alex Len;C;PHX;69;1,395;587;56.61;33.33;68.40;82;61;27;519;78;$4,187,598 (187)
Jonathan Isaac;PF;ORL;27;535;145;37.93;34.78;76.00;18;29;33;99;27;$4,186,320 (189)
Lance Stephenson;SG;IND;82;1,849;757;42.74;28.88;66.14;235;17;46;424;132;$4,180,000 (190)
Julius Randle;PF;LAL;82;2,19;1,323;55.75;22.22;71.76;210;45;43;654;213;$4,149,242 (191)
Kyle O'Quinn;C;NYK;77;1,386;550;58.49;23.53;77.17;158;98;35;470;100;$4,087,500 (192)
Mario Hezonja;SG;ORL;75;1,656;722;44.25;33.71;81.90;106;30;81;281;87;$4,078,320 (193)
Kris Dunn;PG;CHI;52;1,525;699;42.94;32.09;73.68;310;27;104;221;151;$4,046,760 (194)
Jonas Jerebko;PF;UTH;74;1,133;429;46.63;41.40;80.70;42;12;24;246;27;$4,000,000 (195)
Nemanja Bjelica;PF;MIN;67;1,37;454;46.09;41.53;80.00;86;16;50;274;52;$3,949,999 (196)
Jose Barea;PG;DAL;69;1,602;801;43.91;36.74;78.43;434;3;35;201;143;$3,903,900 (197)
Lauri Markkanen;PF;CHI;68;2,02;1,033;43.39;36.16;84.34;79;40;40;508;83;$3,821,640 (198)
Nik Stauskas;SG;BKN;41;523;181;38.96;40.00;72.41;39;4;9;64;26;$3,807,147 (199)
Willie Cauley-Stein;C;SAC;73;2,044;932;50.19;23.08;61.94;172;67;77;511;109;$3,704,160 (200)
Buddy Hield;SG;SAC;80;2,024;1,079;44.59;43.14;87.65;155;22;85;307;124;$3,675,480 (201)
Will Barton;SG;DEN;81;2,682;1,268;45.19;36.88;80.53;331;51;82;409;149;$3,533,333 (202)
Noah Vonleh;PF;CHI;54;875;264;44.44;30.30;62.07;34;17;19;311;31;$3,505,233 (203)
Frank Ntilikina;PG;NYK;78;1,705;463;36.40;31.85;72.06;250;18;66;177;131;$3,501,120 (204)
Nene Hilario;C;HOU;52;758;340;56.90;0.00;63.55;45;14;28;177;39;$3,477,600 (205)
Zaza Pachulia;C;GSW;69;971;373;56.65;0.00;80.65;109;17;38;321;73;$3,477,600 (205)
Troy Daniels;SG;PHX;79;1,62;703;40.35;39.96;87.50;48;5;26;127;56;$3,408,520 (207)
Emmanuel Mudiay;PG;NYK;64;1,243;553;38.86;31.97;75.97;206;11;41;152;113;$3,381,480 (208)
Jamal Murray;PG;DEN;81;2,565;1,352;45.10;37.84;90.51;274;29;79;297;171;$3,355,320 (209)
Elfrid Payton;PG;PHX;63;1,808;797;49.33;32.61;64.88;393;22;83;274;168;$3,332,340 (210)
Rajon Rondo;PG;NOP;65;1,704;537;46.76;33.33;54.35;533;10;70;263;151;$3,300,000 (211)
Doug McDermott;SF;DAL;81;1,767;630;46.65;42.59;79.01;79;16;19;200;56;$3,294,994 (212)
Tyreke Evans;SG;MEM;52;1,607;1,01;45.24;39.86;78.47;269;17;57;265;117;$3,290,000 (213)
Jodie Meeks;SG;WAS;77;1,118;487;39.95;34.29;86.32;70;4;29;126;37;$3,290,000 (213)
Anthony Tolliver;PF;DET;79;1,756;703;46.40;43.56;79.70;90;21;32;241;57;$3,290,000 (213)
Dennis Smith Jr.;PG;DAL;69;2,049;1,048;39.45;31.27;69.43;358;18;71;260;194;$3,218,280 (216)
Zach LaVine;SG;CHI;24;655;401;38.31;34.15;81.31;72;4;24;94;43;$3,202,218 (217)
Ekpe Udoh;C;UTH;63;809;162;50.00;0.00;75.00;53;74;43;150;20;$3,200,000 (218)
T.J. Warren;SF;PHX;65;2,141;1,271;49.72;22.22;75.69;85;41;65;333;84;$3,152,931 (219)
Stanley Johnson;SF;DET;69;1,893;599;37.50;28.63;77.24;112;14;95;252;77;$3,097,800 (220)
Marquese Chriss;PF;PHX;72;1,526;556;42.35;29.47;60.76;83;70;51;396;107;$3,073,800 (221)
Zach Collins;C;POR;66;1,045;292;39.66;30.97;64.29;52;31;17;221;59;$3,057,240 (222)
James Ennis;SF;DET;72;1,603;512;47.40;33.33;83.62;71;18;47;224;57;$3,028,410 (223)
Tomas Satoransky;SG;WAS;73;1,642;524;52.34;46.53;78.13;286;15;51;232;83;$3,000,000 (224)
Lucas Nogueira;C;TOR;49;417;122;61.25;26.32;67.86;22;43;23;87;16;$2,947,305 (225)
Jusuf Nurkic;C;POR;79;2,088;1,132;50.47;0.00;63.00;143;111;64;708;183;$2,947,305 (225)
Malik Monk;SG;CHA;63;853;421;36.00;34.16;84.21;91;9;20;66;49;$2,904,480 (227)
Frank Kaminsky;PF;CHA;79;1,835;873;42.88;37.96;79.90;129;21;36;288;65;$2,847,600 (228)
Jakob Poeltl;C;TOR;82;1,522;567;65.89;50.00;59.41;57;100;39;394;85;$2,825,640 (229)
Luke Kennard;SG;DET;73;1,462;558;44.40;41.54;85.53;124;13;44;176;69;$2,759,280 (230)
Justise Winslow;SF;MIA;68;1,68;529;42.42;37.69;63.46;148;33;54;370;77;$2,705,040 (231)
Michael Carter-Williams;PG;CHA;52;834;239;33.19;23.73;82.02;116;23;45;138;54;$2,700,000 (232)
Thon Maker;C;MIL;74;1,237;356;41.14;29.81;69.89;46;53;38;225;44;$2,684,160 (233)
Cedi Osman;SF;CLE;61;672;238;48.39;36.78;56.52;41;3;22;120;32;$2,634,921 (234)
Donovan Mitchell;SG;UTH;79;2,637;1,616;43.69;34.00;80.47;291;27;118;296;217;$2,621,280 (235)
Myles Turner;C;IND;65;1,836;828;47.89;35.67;77.67;87;118;38;417;96;$2,569,920 (236)
Gary Harris;SG;DEN;67;2,305;1,17;48.46;39.59;82.72;194;15;122;176;119;$2,550,055 (237)
Domantas Sabonis;C;IND;74;1,812;861;51.44;35.14;75.00;151;32;40;572;137;$2,550,000 (238)
Reggie Bullock;SF;DET;62;1,731;698;48.90;44.48;79.59;95;13;47;154;47;$2,500,000 (239)
Edrice Adebayo;C;MIA;69;1,368;477;51.18;0.00;72.07;101;41;32;381;67;$2,490,360 (240)
Trey Lyles;PF;DEN;73;1,39;724;49.09;38.07;70.63;91;34;30;346;61;$2,441,400 (241)
Dario Saric;PF;PHI;78;2,309;1,141;45.33;39.35;85.99;202;20;51;521;148;$2,422,560 (242)
Taurean Prince;SF;ATL;82;2,463;1,158;42.56;38.51;84.44;214;42;84;389;192;$2,422,560 (242)
Rodney Hood;SG;CLE;60;1,615;882;42.88;38.14;86.05;95;12;45;165;71;$2,386,864 (244)
Justin Jackson;SF;SAC;68;1,505;453;44.15;30.81;72.22;74;13;28;187;40;$2,365,560 (245)
Shabazz Napier;PG;POR;74;1,535;644;42.00;37.61;84.06;150;14;81;170;90;$2,361,360 (246)
Clint Capela;C;HOU;74;2,034;1,026;65.24;0.00;56.03;68;138;58;802;103;$2,334,528 (247)
Devin Booker;SG;PHX;54;1,865;1,346;43.17;38.28;87.84;253;14;47;243;194;$2,319,360 (248)
Dante Cunningham;PF;BKN;73;1,561;417;45.05;34.52;59.62;48;30;39;298;34;$2,300,000 (249)
Guerschon Yabusele;PF;BOS;33;235;79;42.62;32.43;68.18;16;5;4;52;12;$2,247,480 (250)
Cameron Payne;PG;CHI;25;581;221;40.47;38.46;75.00;113;9;26;69;36;$2,203,440 (251)
Denzel Valentine;SG;CHI;77;2,094;783;41.75;38.65;74.51;244;11;65;393;100;$2,186,400 (252)
Kyle Anderson;SF;SAS;74;1,978;585;52.74;33.33;71.23;202;59;115;396;94;$2,151,704 (253)
DJ Wilson;PF;MIL;22;71;21;56.25;40.00;50.00;3;1;3;10;4;$2,135,040 (254)
Darius Miller;SF;NOP;82;1,943;637;44.35;41.06;86.57;111;17;28;164;59;$2,100,000 (255)
Kelly Oubre;SF;WAS;81;2,23;953;40.25;34.15;81.97;98;35;80;363;90;$2,093,040 (256)
Juan Hernangomez;PF;DEN;25;277;82;38.67;28.00;83.33;12;3;6;54;9;$2,076,840 (257)
TJ Leaf;PF;IND;53;457;156;47.06;42.86;62.50;9;4;5;82;10;$2,028,360 (258)
Tim Frazier;PG;WAS;59;837;176;39.53;30.36;76.67;194;7;47;115;57;$2,000,000 (259)
Terry Rozier;PG;BOS;80;2,068;900;39.50;38.06;77.18;232;19;80;376;80;$1,988,520 (260)
John Collins;PF;ATL;74;1,785;777;57.61;34.04;71.51;98;80;47;541;105;$1,936,920 (261)
Sam Dekker;SF;LAC;73;882;303;49.42;16.67;66.07;38;9;24;174;33;$1,794,600 (262)
Terrance Ferguson;SG;OKC;61;763;189;41.42;33.33;90.00;19;10;24;47;11;$1,785,000 (263)
Henry Ellenson;PF;DET;38;328;151;36.30;33.33;86.21;20;0;5;81;18;$1,780,800 (264)
Jerian Grant;PG;CHI;74;1,686;619;41.55;32.62;74.47;342;8;64;172;89;$1,713,840 (265)
Jarrett Allen;C;BKN;72;1,441;587;58.94;33.33;77.55;49;88;28;388;82;$1,713,720 (266)
Malik Beasley;SG;DEN;62;586;196;41.01;34.15;66.67;31;7;15;71;24;$1,700,640 (267)
Delon Wright;PG;TOR;69;1,433;555;46.53;36.60;82.91;200;33;72;198;78;$1,645,200 (268)
Ante Zizic;C;CLE;32;214;119;73.13;0.00;72.41;5;13;2;60;11;$1,645,200 (268)
OG Anunoby;SF;TOR;74;1,481;438;47.11;37.06;62.90;55;14;52;184;45;$1,645,200 (268)
Caris LeVert;SG;BKN;71;1,864;858;43.54;34.69;71.12;299;22;82;260;153;$1,632,480 (271)
Justin Anderson;SG;PHI;38;519;236;43.07;33.01;73.68;25;7;15;92;16;$1,579,440 (272)
DeAndre' Bembry;SF;ATL;26;455;136;41.41;36.67;57.58;49;12;21;72;47;$1,567,200 (273)
Joe Harris;SG;BKN;78;1,974;846;49.11;41.90;82.69;128;20;35;260;91;$1,524,305 (274)
Jerami Grant;SF;OKC;81;1,647;682;53.51;29.09;67.50;57;78;31;318;55;$1,524,305 (274)
Glen Robinson III;SG;IND;23;338;95;42.35;41.18;81.82;17;1;13;37;5;$1,524,305 (274)
Spencer Dinwiddie;PG;BKN;80;2,305;1,007;38.66;32.56;81.34;524;24;68;258;129;$1,524,305 (274)
Bobby Portis;PF;CHI;73;1,642;964;47.10;35.87;76.92;123;23;49;498;103;$1,516,320 (278)
Malachi Richardson;SG;TOR;26;323;89;33.33;30.00;77.27;13;1;10;34;10;$1,504,560 (279)
Raymond Felton;PG;OKC;82;1,364;565;40.58;35.22;81.82;203;16;49;155;75;$1,471,382 (280)
Mike Scott;PF;WAS;76;1,405;668;52.67;40.49;65.79;80;10;23;247;79;$1,471,382 (280)
Jeff Green;SF;CLE;78;1,827;846;47.66;31.18;86.75;99;34;41;247;74;$1,471,382 (280)
Luc Richard Mbah a Moute;PF;HOU;61;1,563;460;48.12;36.42;68.42;55;25;72;186;69;$1,471,382 (280)
Dwyane Wade;SG;MIA;67;1,536;765;43.84;28.83;71.43;228;47;61;252;140;$1,471,382 (280)
Udonis Haslem;PF;MIA;14;71;8;20.00;12.50;50.00;5;2;0;10;2;$1,471,382 (280)
Jose Calderon;PG;CLE;57;914;255;50.27;46.39;80.00;117;2;27;84;41;$1,471,382 (280)
JaVale McGee;C;GSW;65;614;310;62.10;0.00;73.08;33;57;21;169;27;$1,471,382 (280)
Ian Clark;SG;NOP;74;1,454;551;44.85;31.79;76.27;110;10;33;128;57;$1,471,382 (280)
Michael Beasley;SF;NYK;74;1,653;976;50.74;39.53;77.99;123;43;36;413;143;$1,471,382 (280)
Richaun Holmes;PF;PHI;48;745;311;56.02;12.90;66.07;61;29;20;211;25;$1,471,382 (280)
Josh Richardson;SF;MIA;81;2,689;1,045;45.08;37.80;84.51;231;75;121;285;138;$1,471,382 (280)
Rondae Hollis-Jefferson;SF;BKN;68;1,92;946;47.24;24.07;78.80;167;48;65;459;121;$1,471,382 (280)
Norman Powell;SG;TOR;70;1,062;385;40.11;28.49;82.05;89;16;37;119;66;$1,471,382 (280)
Tyus Jones;PG;MIN;82;1,466;416;45.73;34.88;87.65;232;6;95;132;59;$1,471,382 (280)
Raul Neto;PG;UTH;41;498;183;45.70;40.43;74.29;75;4;13;49;36;$1,471,382 (280)
Pat Connaughton;SG;POR;82;1,487;441;42.31;35.24;84.09;91;22;23;161;44;$1,471,382 (280)
Nikola Jokic;C;DEN;75;2,441;1,385;50.00;39.64;84.98;459;61;90;802;210;$1,471,382 (280)
Jarell Martin;PF;MEM;73;1,66;565;44.56;34.69;76.72;73;49;39;318;86;$1,471,382 (280)
Montrezl Harrell;PF;LAC;76;1,292;836;63.50;14.29;62.61;74;52;36;307;68;$1,471,382 (280)
Kevon Looney;SF;GSW;66;909;267;58.03;20.00;54.55;42;56;34;215;31;$1,471,382 (280)
Larry Nance Jr.;PF;CLE;66;1,42;573;58.11;16.67;66.42;82;38;89;452;51;$1,471,382 (280)
Salah Mejri;C;DAL;60;729;214;64.23;0.00;57.58;35;67;22;246;39;$1,471,382 (280)
T.J. McConnell;PG;PHI;76;1,706;478;49.76;42.86;79.49;303;13;92;226;114;$1,471,382 (280)
Furkan Korkmaz;SG;PHI;14;79;23;28.57;29.41;50.00;4;1;2;11;2;$1,465,920 (304)
Caleb Swanigan;PF;POR;27;189;61;40.00;12.50;66.67;14;3;5;54;18;$1,465,920 (304)
Willy Hernangomez;C;CHA;48;494;246;55.49;41.67;65.56;33;16;18;182;34;$1,435,750 (306)
Kyle Kuzma;PF;LAL;77;2,401;1,242;45.04;36.64;70.67;141;34;49;483;140;$1,423,560 (307)
Tony Bradley;C;UTH;9;29;8;27.27;0.00;100.00;1;0;0;11;0;$1,414,920 (308)
Derrick White;PG;SAS;17;138;54;48.48;61.54;70.00;9;3;4;26;6;$1,404,600 (309)
Josh Hart;SG;LAL;63;1,46;496;46.93;39.59;70.21;80;16;47;263;47;$1,394,520 (310)
Timothe Luwawu-Cabarrot;SG;PHI;52;807;299;37.45;33.54;79.31;54;5;12;72;38;$1,386,600 (311)
Treveon Graham;SG;CHA;63;1,049;273;43.44;41.24;69.49;59;2;33;121;27;$1,312,611 (312)
Rodney McGruder;SG;MIA;18;299;91;49.32;42.86;50.00;17;3;8;32;4;$1,312,611 (312)
Davis Bertans;SF;SAS;77;1,085;456;43.99;37.30;81.63;74;28;26;153;36;$1,312,611 (312)
Skal Labissiere;PF;SAC;60;1,24;523;44.76;35.29;80.51;72;49;25;288;73;$1,312,611 (312)
Dejounte Murray;PG;SAS;81;1,743;656;44.43;26.47;70.95;231;31;97;459;134;$1,312,611 (312)
Patrick McCaw;SG;GSW;58;973;229;40.71;23.75;76.47;81;10;43;83;41;$1,312,611 (312)
Tyler Ulis;PG;PHX;71;1,658;554;38.84;28.77;83.17;311;7;70;128;127;$1,312,611 (312)
Damian Jones;C;GSW;15;88;25;50.00;0.00;60.00;2;3;1;14;4;$1,312,611 (312)
Ivica Zubac;C;LAL;43;410;161;50.00;0.00;76.47;25;15;8;122;26;$1,312,611 (312)
Cheick Diallo;PF;NOP;53;581;254;57.95;0.00;75.76;19;21;11;211;28;$1,312,611 (312)
Malcolm Brogdon;PG;MIL;48;1,436;625;48.51;38.51;88.24;152;13;41;156;66;$1,312,611 (312)
Jake Layman;SF;POR;34;160;34;29.79;20.00;66.67;11;4;6;16;5;$1,312,611 (312)
Pascal Siakam;PF;TOR;81;1,679;589;50.80;21.97;62.07;159;42;62;364;68;$1,312,611 (312)
Yogi Ferrell;PG;DAL;82;2,281;838;42.60;37.33;79.61;201;9;64;249;78;$1,312,611 (312)
Fred VanVleet;PG;TOR;76;1,519;656;42.57;41.38;83.17;243;19;68;184;74;$1,312,611 (312)
Dorian Finney-Smith;SF;DAL;21;447;123;38.02;29.85;73.33;26;4;10;75;21;$1,312,611 (312)
Bryn Forbes;SG;SAS;80;1,517;555;42.05;39.04;66.67;80;2;28;110;37;$1,312,611 (312)
Wayne Selden;SG;MEM;35;690;325;43.12;40.16;74.58;66;5;18;56;54;$1,312,611 (312)
David Nwaba;SG;CHI;70;1,646;555;47.75;34.62;65.52;104;29;59;326;77;$1,312,611 (312)
Semi Ojeleye;PF;BOS;73;1,15;195;34.57;32.00;60.98;20;4;21;161;25;$1,291,892 (331)
Frank Mason;PG;SAC;52;983;413;37.89;36.05;81.74;147;10;34;130;65;$1,184,385 (332)
Abdel Nader;SF;BOS;48;521;146;33.56;35.38;58.97;26;10;15;71;34;$1,167,333 (333)
Damyean Dotson;SG;NYK;44;473;182;44.72;32.35;69.57;31;2;12;84;17;$1,100,000 (334)
Wesley Iwundu;SF;ORL;62;1,02;229;42.66;19.57;72.34;57;12;33;137;30;$1,050,000 (335)
Ike Anigbogu;C;IND;11;29;13;44.44;0.00;83.33;0;3;1;9;2;$950,000 (336)
Ivan Rabb;PF;MEM;36;516;201;56.58;0.00;80.56;32;13;12;158;35;$950,000 (336)
Gerald Green;SG;HOU;41;928;497;40.68;36.91;85.00;25;15;24;132;31;$872,854 (338)
Khem Birch;C;ORL;42;578;178;53.97;0.00;68.85;34;21;15;180;21;$815,615 (339)
Zhou Qi;PF;HOU;18;123;22;18.75;10.53;66.67;2;14;2;22;10;$815,615 (339)
Jordan Bell;C;GSW;57;808;262;62.70;0.00;68.18;102;56;35;207;51;$815,615 (339)
Thomas Bryant;C;LAL;15;72;22;38.10;10.00;55.56;6;2;1;17;2;$815,615 (339)
Davon Reed;SG;PHX;21;242;63;28.95;28.95;66.67;13;2;10;39;10;$815,615 (339)
Dwayne Bacon;SG;CHA;53;712;175;37.31;25.58;80.00;38;2;16;124;22;$815,615 (339)
Tyler Dorsey;SG;ATL;56;974;405;37.60;36.00;71.43;79;5;17;130;37;$815,615 (339)
Sterling Brown;SG;MIL;54;776;217;40.00;35.16;87.50;25;13;31;143;25;$815,615 (339)
Sindarius Thornwell;SG;LAC;73;1,155;282;42.92;37.70;67.05;67;26;48;140;53;$815,615 (339)
Dillon Brooks;SF;MEM;82;2,349;898;44.04;35.61;74.70;135;17;73;257;124;$815,615 (339)
Daniel Theis;PF;BOS;63;935;331;54.08;31.03;75.31;56;47;30;274;56;$815,615 (339)
Alfonzo McKinnie;PF;TOR;14;53;21;53.33;33.33;66.67;1;1;1;7;3;$815,615 (339)
Maxi Kleber;PF;DAL;72;1,206;386;48.87;31.25;74.58;51;47;26;234;30;$815,615 (339)
Royce O'Neale;SF;UTH;71;1,194;343;42.25;35.59;80.26;95;16;36;236;55;$815,615 (339)
Trey Burke;PG;NYK;36;784;461;50.26;36.19;64.91;170;4;24;71;43;$784,160 (353)
Alex Poythress;SF;IND;25;104;26;42.31;36.36;0.00;2;1;3;17;2;$778,668 (354)
Tyler Cavanaugh;PF;ATL;39;518;183;44.08;35.96;80.95;27;4;9;127;14;$679,919 (355)
Marco Belinelli;SG;PHI;80;1,946;971;44.17;37.72;90.80;148;12;66;150;94;$490,461 (356)
Ersan Ilyasova;PF;PHI;69;1,73;750;45.19;35.97;77.78;90;26;61;405;72;$357,454 (357)
Derrick Rose;PG;MIN;25;419;209;43.55;23.33;86.96;37;4;7;35;35;$290,951 (358)
Shaquille Harrison;PG;PHX;69;1,152;456;47.58;23.08;73.68;165;21;78;183;66;$267,160 (359)
Demetrius Jackson;PG;HOU;15;79;16;38.89;14.29;50.00;9;1;5;12;11;$74,159 (360)
Quinn Cook;PG;GSW;33;740;312;48.41;44.23;88.00;89;1;12;82;32;$14,832 (361)
Lorenzo Brown;PG;TOR;14;138;32;41.18;16.67;100.00;13;0;6;14;3;$8,313 (362)
